{"lr": 0.009998886215193948, "data_time": 0.00810853640238444, "loss": 0.15171402444442114, "decode.loss_ce": 0.10591706012686093, "decode.acc_seg": 37.0635986328125, "aux.loss_ce": 0.04579696369667848, "aux.acc_seg": 33.7005615234375, "time": 1.2133218844731648, "iter": 6, "memory": 5948, "step": 6}
{"lr": 0.00997794446709763, "data_time": 0.008055400848388673, "loss": 0.07250736877322198, "decode.loss_ce": 0.04930613562464714, "decode.acc_seg": 85.99853515625, "aux.loss_ce": 0.023201233707368374, "aux.acc_seg": 79.8736572265625, "time": 0.5555225849151612, "iter": 100, "memory": 3775, "step": 100}
{"lr": 0.009955660594668054, "data_time": 0.008126425743103027, "loss": 0.06784695759415627, "decode.loss_ce": 0.04913070425391197, "decode.acc_seg": 61.2396240234375, "aux.loss_ce": 0.018716253340244293, "aux.acc_seg": 69.830322265625, "time": 0.5588667392730713, "iter": 200, "memory": 3775, "step": 200}
{"lr": 0.009933371122565919, "data_time": 0.008004283905029297, "loss": 0.051183198019862174, "decode.loss_ce": 0.03562755882740021, "decode.acc_seg": 75.2410888671875, "aux.loss_ce": 0.015555640030652285, "aux.acc_seg": 68.4539794921875, "time": 0.5511653423309326, "iter": 300, "memory": 3775, "step": 300}
{"lr": 0.009911076035273796, "data_time": 0.007894396781921387, "loss": 0.060839283466339114, "decode.loss_ce": 0.04182188287377357, "decode.acc_seg": 86.5753173828125, "aux.loss_ce": 0.01901740124449134, "aux.acc_seg": 84.844970703125, "time": 0.5508122682571411, "iter": 400, "memory": 3775, "step": 400}
{"aAcc": 59.57, "mIoU": 11.56, "mAcc": 18.33, "data_time": 0.03056049346923828, "time": 1.3516933484510942, "step": 400}
{"lr": 0.0098887753171919, "data_time": 0.008020806312561034, "loss": 0.04773756042122841, "decode.loss_ce": 0.03322078604251146, "decode.acc_seg": 85.479736328125, "aux.loss_ce": 0.014516775030642748, "aux.acc_seg": 82.11669921875, "time": 0.5552594900131226, "iter": 500, "memory": 4433, "step": 500}
{"lr": 0.009866468952637547, "data_time": 0.007683610916137696, "loss": 0.04460824429988861, "decode.loss_ce": 0.031152819469571113, "decode.acc_seg": 86.4288330078125, "aux.loss_ce": 0.013455424923449755, "aux.acc_seg": 86.724853515625, "time": 0.5571488618850708, "iter": 600, "memory": 3775, "step": 600}
{"lr": 0.009844156925844432, "data_time": 0.007693028450012207, "loss": 0.06602870225906372, "decode.loss_ce": 0.04665279518812895, "decode.acc_seg": 64.1998291015625, "aux.loss_ce": 0.01937590688467026, "aux.acc_seg": 61.81640625, "time": 0.5583536148071289, "iter": 700, "memory": 3775, "step": 700}
{"lr": 0.009821839220962003, "data_time": 0.0077838897705078125, "loss": 0.04946107901632786, "decode.loss_ce": 0.034333642944693564, "decode.acc_seg": 80.3314208984375, "aux.loss_ce": 0.015127435512840747, "aux.acc_seg": 76.6082763671875, "time": 0.564316201210022, "iter": 800, "memory": 3775, "step": 800}
{"aAcc": 60.62, "mIoU": 14.99, "mAcc": 21.57, "data_time": 0.008561511834462484, "time": 0.3765332301457723, "step": 800}
{"lr": 0.009799515822054777, "data_time": 0.008676934242248534, "loss": 0.042341128922998905, "decode.loss_ce": 0.029893214255571364, "decode.acc_seg": 81.219482421875, "aux.loss_ce": 0.012447914341464639, "aux.acc_seg": 79.8614501953125, "time": 0.5625876426696778, "iter": 900, "memory": 3775, "step": 900}
{"lr": 0.00977718671310168, "data_time": 0.008214235305786133, "loss": 0.046300456114113334, "decode.loss_ce": 0.03309575188905001, "decode.acc_seg": 89.910888671875, "aux.loss_ce": 0.01320470478385687, "aux.acc_seg": 89.202880859375, "time": 0.5575746297836304, "iter": 1000, "memory": 3775, "step": 1000}
{"lr": 0.009754851877995354, "data_time": 0.008431029319763184, "loss": 0.046345476247370246, "decode.loss_ce": 0.03253997443243861, "decode.acc_seg": 78.857421875, "aux.loss_ce": 0.013805502001196146, "aux.acc_seg": 72.7813720703125, "time": 0.5572926044464112, "iter": 1100, "memory": 3775, "step": 1100}
{"lr": 0.009732511300541468, "data_time": 0.008332967758178711, "loss": 0.043776506930589675, "decode.loss_ce": 0.0308787290006876, "decode.acc_seg": 79.6356201171875, "aux.loss_ce": 0.012897777464240789, "aux.acc_seg": 81.3995361328125, "time": 0.5545000076293946, "iter": 1200, "memory": 3775, "step": 1200}
{"aAcc": 74.32, "mIoU": 32.16, "mAcc": 38.03, "data_time": 0.008634547392527262, "time": 0.370694895585378, "step": 1200}
{"lr": 0.009710164964458045, "data_time": 0.007624220848083496, "loss": 0.05005144216120243, "decode.loss_ce": 0.035550744831562044, "decode.acc_seg": 89.6270751953125, "aux.loss_ce": 0.014500697562471031, "aux.acc_seg": 88.2080078125, "time": 0.5576996088027955, "iter": 1300, "memory": 3775, "step": 1300}
{"lr": 0.009687812853374727, "data_time": 0.007843255996704102, "loss": 0.03580800648778677, "decode.loss_ce": 0.024865155946463345, "decode.acc_seg": 78.55224609375, "aux.loss_ce": 0.010942850774154068, "aux.acc_seg": 76.568603515625, "time": 0.5534227371215821, "iter": 1400, "memory": 3775, "step": 1400}
{"lr": 0.009665454950832103, "data_time": 0.0077637434005737305, "loss": 0.027214968018233775, "decode.loss_ce": 0.018665169924497606, "decode.acc_seg": 94.3115234375, "aux.loss_ce": 0.008549798047170043, "aux.acc_seg": 91.8792724609375, "time": 0.5556810855865478, "iter": 1500, "memory": 3775, "step": 1500}
{"lr": 0.009643091240280942, "data_time": 0.008814525604248048, "loss": 0.045608775317668916, "decode.loss_ce": 0.03179599931463599, "decode.acc_seg": 75.9735107421875, "aux.loss_ce": 0.013812776189297438, "aux.acc_seg": 71.1517333984375, "time": 0.5591173887252807, "iter": 1600, "memory": 3775, "step": 1600}
{"aAcc": 76.91, "mIoU": 36.51, "mAcc": 41.7, "data_time": 0.008559385935465494, "time": 0.36470168828964233, "step": 1600}
{"lr": 0.009620721705081534, "data_time": 0.007502841949462891, "loss": 0.03677214737981558, "decode.loss_ce": 0.025749683473259212, "decode.acc_seg": 86.834716796875, "aux.loss_ce": 0.011022463999688625, "aux.acc_seg": 84.7137451171875, "time": 0.5595850467681884, "iter": 1700, "memory": 3775, "step": 1700}
{"lr": 0.009598346328502901, "data_time": 0.008536624908447265, "loss": 0.04225378837436437, "decode.loss_ce": 0.0296101663261652, "decode.acc_seg": 88.519287109375, "aux.loss_ce": 0.01264362158253789, "aux.acc_seg": 86.7034912109375, "time": 0.5603266000747681, "iter": 1800, "memory": 3775, "step": 1800}
{"lr": 0.009575965093722064, "data_time": 0.0076417684555053714, "loss": 0.03999333046376705, "decode.loss_ce": 0.027806841116398574, "decode.acc_seg": 89.7918701171875, "aux.loss_ce": 0.012186488742008806, "aux.acc_seg": 88.19580078125, "time": 0.5569635152816772, "iter": 1900, "memory": 3775, "step": 1900}
{"lr": 0.009553577983823325, "data_time": 0.008051919937133788, "loss": 0.03893612958490848, "decode.loss_ce": 0.027236347459256648, "decode.acc_seg": 93.0633544921875, "aux.loss_ce": 0.011699782498180867, "aux.acc_seg": 89.7552490234375, "time": 0.5563435554504395, "iter": 2000, "memory": 3775, "step": 2000}
{"aAcc": 70.0, "mIoU": 27.4, "mAcc": 33.12, "data_time": 0.009036878744761149, "time": 0.3678753574689229, "step": 2000}
{"lr": 0.0095311849817975, "data_time": 0.007474851608276367, "loss": 0.039721340499818326, "decode.loss_ce": 0.027434367686510086, "decode.acc_seg": 67.919921875, "aux.loss_ce": 0.012286973278969526, "aux.acc_seg": 69.0643310546875, "time": 0.5519688606262207, "iter": 2100, "memory": 3775, "step": 2100}
{"lr": 0.009508786070541123, "data_time": 0.007258749008178711, "loss": 0.03933914788067341, "decode.loss_ce": 0.027675842866301537, "decode.acc_seg": 96.09375, "aux.loss_ce": 0.011663305619731546, "aux.acc_seg": 95.6939697265625, "time": 0.41094532012939455, "iter": 2200, "memory": 3775, "step": 2200}
{"lr": 0.009486381232855704, "data_time": 0.008104348182678222, "loss": 0.036085535399615766, "decode.loss_ce": 0.025123998802155257, "decode.acc_seg": 80.633544921875, "aux.loss_ce": 0.010961536131799222, "aux.acc_seg": 76.7730712890625, "time": 0.5592462062835694, "iter": 2300, "memory": 3775,