{"accuracy/top1": 91.15044403076172, "accuracy/top5": 99.3362808227539, "data_time": 0.008561372756958008, "time": 0.037384853028414544}